"","Gene_Clusters"
"DDIT3","1"
"PGM5","2"
"SF1","1"
"TMPO","3"
"CD24","1"
"UBQLN1","2"
"AC245060.5","1"
"SLC14A1","1"
"RBM12","1"
"EIF4EBP1","3"
"SOD2","3"
"HOXC4","1"
"AC141424.1","1"
"SLC26A11","2"
"SCGB3A1","3"
"PVR","1"
"SPNS2","1"
"CLEC4A","3"
"NECAP1","1"
"NUB1","2"
"WDR86-AS1","3"
"WDR86","3"
"PRPS2","3"
"LINC01002","1"
"PCM1","1"
"GLIPR2","3"
"ADGRG5","1"
"FXYD5","3"
"AL627230.1","1"
"RASSF8-AS1","1"
"HK1","3"
"COX6A1","3"
"RNF19A","1"
"HMGA2","2"
"AP2A1","2"
"AC093627.5","1"
"ZRSR2","2"
"CCL7","3"
"ADGRG3","1"
"DDIT4-AS1","3"
"GPT2","1"
"IRF3","1"
"TROAP","1"
"MT-CO1","1"
"CREBBP","2"
"ADGRE3","3"
"PLK2","1"
"AF230666.1","1"
"AL021368.2","1"
"AC010173.1","1"
"AP001350.1","2"
"BX890604.2","1"
"AL132639.2","1"
"C21orf58","1"
"EPN1","2"
"HIST1H3A","1"
"TRH","1"
"FIZ1","1"
"SETBP1","1"
"RHOH","1"
"TNFSF15","2"
"ATP13A3","1"
"SUPT4H1","3"
"AL450998.2","1"
"CEP76","1"
"AC009318.3","1"
"AC008982.2","1"
"HDGFL2","3"
"ZFAND6","2"
"AKAP10","1"
"AP002954.1","3"
"GNAQ","2"
"TUBA1A","1"
"FMNL3","2"
"FCER2","3"
"CAPN15","1"
"SSPN","3"
"GRIN2D","2"
"RBP7","2"
"SLC38A1","1"
"APBB1IP","3"
"SPART-AS1","1"
"STX16","1"
"LINC02449","1"
"KANSL2","1"
"SRGN","3"
"SPOCK2","1"
"AC007613.1","1"
"ELF1","2"
"PRKCSH","3"
"GSE1","1"
"AL110115.1","2"
"AC073389.1","1"
"ZNF175","1"
"LAT","1"
"TMPO-AS1","3"
"HIST4H4","1"
"AC087239.1","1"
"IFIT1B","1"
"AC123777.1","1"
"ZNF107","1"
"CCL2","3"
"AC245452.1","2"
"RUVBL2","3"
"CAPZA2","3"
"ZNF830","1"
"DNM1L","1"
"ATF5","3"
"NMT1","3"
"CHCHD10","3"
"RNASE4","3"
"ZNF251","1"
"NT5C","3"
"PRDX2","3"
"OBSL1","1"
"PCF11","1"
"SASH1","2"
"RCCD1","1"
"SELENOW","3"
"TSKS","2"
"AL133476.1","1"
"CEP85L","2"
"AC119674.1","1"
"GAREM1","2"
"BEND6","1"
"DNAJC27","1"
"DSTN","3"
"GATA2-AS1","1"
"TVP23B","1"
"CLDND2","1"
"AZIN1","1"
"RFWD3","1"
"ZCCHC24","3"
"NAA40","1"
"SAMD1","3"
"NFIC","1"
"PAXBP1","1"
"ZNF783","1"
"CD2BP2","3"
"CENPL","1"
"LIN7A","2"
"PUF60","3"
"NEURL1","3"
"HERPUD1","2"
"SCIMP","3"
"ACAD11","1"
"PANX2","1"
"AKR1C3","1"
"ZNF407","1"
"RPL13","3"
"BMP2","1"
"RNASE1","3"
"NPIPB4","1"
"OLMALINC","1"
"C19orf48","1"
"RALBP1","3"
"HMGN3-AS1","1"
"GZMB","1"
"LENG8","1"
"SNU13","3"
"SLC25A15","1"
"ACRBP","3"
"PRR33","2"
"IL4I1","3"
"PAFAH1B1","1"
"CCDC186","1"
"AC002511.2","2"
"CCL23","3"
"SLC38A2","1"
"OAS2","2"
"CRCP","2"
"PDCD2","3"
"COQ9","3"
"KPNA2","1"
"CHMP6","3"
"SNHG10","1"
"C14orf119","3"
"PIH1D1","3"
"SEC61A2","1"
"LINC01515","1"
"RPL13A","3"
"AC080038.1","1"
"CCL4","3"
"CLTA","3"
"AL158832.2","2"
"MS4A14","2"
"ULK1","1"
"AC009248.2","2"
"MACC1","1"
"MPHOSPH9","1"
"AL512603.2","1"
"KCNJ14","1"
"SLITRK6","2"
"NOB1","3"
"ZMIZ1","1"
"ZDHHC21","1"
"DDX11","1"
"TNNT1","2"
"AC025265.1","1"
"NDUFA4","3"
"SLC38A10","1"
"PAWR","1"
"TM4SF19","2"
"MPP7-DT","1"
"NDRG2","2"
"AL008729.2","2"
"GGA3","2"
"AL591623.1","1"
"MPP5","2"
"SEC23B","1"
"TIAM1","3"
"TRIM38","1"
"ZNF880","1"
"CTU1","3"
"LINC01089","1"
"CLN8","1"
"MT1F","3"
"RPS11","3"
"PYURF","3"
"TRPM4","3"
"DDHD2","1"
"E2F1","1"
"TFPT","3"
"RPL27","3"
"ZDHHC14","1"
"PAK2","2"
"DLG5","1"
"ANKRD27","1"
"AL354733.3","1"
"ARHGAP9","2"
"TRMT9B","1"
"DYNC1LI2","1"
"PEG10","1"
"CLUAP1","1"
"RPL35","3"
"MYLPF","1"
"SERPINB6","3"
"ATP23","3"
"WBP4","2"
"CDCA3","1"
"AC069209.2","2"
"PSMA4","3"
"ZNF324B","1"
"LRRK1","2"
"PHF19","3"
"DSC2","1"
"APLP2","3"
"GRK3","2"
"AC009093.1","2"
"AL132996.1","1"
"AC016831.7","2"
"RPL39L","3"
"CDH4","1"
"NKX2-3","1"
"MGAT4B","3"
"PLGRKT","3"
"MYL12A","3"
"KDM5C","1"
"AC087190.1","2"
"AC024257.3","1"
"TTC39B","2"
"PLTP","1"
"PHTF2","2"
"LINC01446","1"
"OTUD6B","1"
"SLC20A1","1"
"SLC3A2","1"
"PDE4C","1"
"EWSR1","1"
"ZNF329","1"
"CECR2","2"
"EGR2","3"
"SEPTIN7-AS1","1"
"ANKRD39","3"
"AC096564.1","2"
"ZFP36","1"
"ARHGAP4","1"
"PDGFD","1"
"GLT1D1","2"
"MGST1","3"
"ARL14EP","3"
"CD63","3"
"POLE3","1"
"AC069544.1","1"
"IGLC3","2"
"AP002807.1","2"
"TRIM59","1"
"CST6","3"
"DNAAF1","3"
"TCF3","1"
"IQSEC3","1"
"AC092809.2","3"
"TMEM11","3"
"CHKB","1"
"AC072061.1","1"
"ATP6V1G1","3"
"AL031283.1","1"
"SUPT6H","1"
"TGFB1","3"
"AC123567.2","1"
"ABAT","1"
"ZIK1","1"
"SORL1","1"
"STX11","3"
"CTSD","3"
"HOXB3","1"
"TMBIM4","3"
"BDH1","1"
"LINC02541","2"
"CD33","3"
"LINC00676","2"
"FARSA","3"
"RPS17","3"
"OFD1","1"
"VCP","1"
"LENG9","2"
"GOLGA6L9","1"
"GPR162","3"
"AL359541.1","1"
"AC002480.2","3"
"C19orf25","1"
"CDKN2B","1"
"SEMA4D","2"
"CCS","3"
"ATM","1"
"AC007996.1","1"
"HEBP1","3"
"MPDU1","2"
"AL133415.1","2"
"CD68","3"
"KCTD12","3"
"CLTCL1","1"
"F8","2"
"SULT1A1","2"
"SPIN1","1"
"KANK1","1"
"ARL2","3"
"EEF1AKMT1","3"
"LYN","2"
"GEN1","1"
"POLR2K","3"
"ATP5F1E","3"
"FDFT1","3"
"KNTC1","1"
"AC127521.1","1"
"PPP1R12A","1"
"PRSS2","1"
"IL1R2","1"
"AC084082.1","2"
"STK38L","1"
"RPL36","3"
"GRAP2","3"
"DESI1","3"
"C3orf80","1"
"CYP4F3","1"
"AC116903.2","2"
"SLC2A13","2"
"AGAP2","1"
"LINC00937","2"
"AP000238.1","2"
"TMEM220","3"
"TET2","1"
"ITM2B","3"
"ETV6","1"
"FUNDC2","3"
"BMI1","3"
"CLK3","1"
"ARHGDIB","3"
"ASAP1","2"
"KRT8","1"
"CORO1C","2"
"PDCD6IP","2"
"AC100788.1","2"
"SMS","3"
"AC069185.1","1"
"PDE4A","3"
"ICAM1","3"
"AC008915.2","3"
"AC012291.3","1"
"BAZ2A","1"
"PHF3","1"
"TRIM22","1"
"RNF126","3"
"AC243960.1","1"
"ZNF181","1"
"AC026471.1","1"
"ERF","1"
"LRRC23","1"
"PCSK7","1"
"FAM214B","1"
"EGLN1","2"
"LCMT1","3"
"ZNF658","2"
"ZSWIM4","1"
"BCL7C","3"
"MBNL1","1"
"STN1","3"
"ZCCHC3","1"
"AC109992.2","2"
"BSCL2","3"
"C15orf40","3"
"NCOA2","1"
"SBNO1-AS1","1"
"HIST1H1C","1"
"ADA2","3"
"BX640514.2","1"
"SLC2A4RG","1"
"PRDX5","3"
"AL137003.2","1"
"RECQL4","1"
"WASHC4","1"
"OGA","1"
"TESC","3"
"AC087286.2","2"
"MROH6","1"
"LINC00346","2"
"ITGAX","1"
"AL138756.1","2"
"FASN","1"
"HSP90AB1","3"
"SERPINB9","3"
"TPT1-AS1","1"
"PCBD1","3"
"AL590428.1","1"
"CCT6B","1"
"CHST15","2"
"AC115485.1","1"
"MTFR2","1"
"METTL1","1"
"GZF1","1"
"IMPA2","3"
"FLT3","1"
"ING3","2"
"AC044849.1","1"
"TM7SF3","1"
"LRRC61","1"
"MMP2","1"
"KDM5B","1"
"TUBB6","2"
"BAHCC1","1"
"RAB39A","2"
"MLKL","1"
"TMEM140","1"
"AL160254.1","3"
"NEK5","1"
"AL445489.1","2"
"ANKRD40CL","1"
"RPLP1","3"
"RPL36A","3"
"KLHL9","1"
"DOK2","3"
"BUB3","3"
"SPATA13","2"
"ZFP36L1","3"
"MX2","2"
"TEDC1","1"
"C9orf131","2"
"HIST1H3B","1"
"HDAC10","1"
"GET3","3"
"USF2","3"
"SEPHS2","1"
"MADD","1"
"NUDT19","2"
"RIC1","2"
"RALGDS","2"
"HP","1"
"VASP","3"
"ROMO1","3"
"KIF3B","2"
"ABCA13","1"
"ATXN1","1"
"PDP2","1"
"HIST1H2AC","1"
"SEC61B","3"
"AL356417.1","2"
"TMEM59","3"
"LINC01410","1"
"PI4K2A","2"
"RREB1","1"
"TCP11L2","2"
"CD9","3"
"GRAMD1B","2"
"DUSP3","3"
"ANGPT1","1"
"ZNF480","3"
"CCND3","3"
"MRTO4","3"
"SARNP","3"
"PHIP","1"
"TWF1","1"
"NFAM1","2"
"PDE7A","1"
"IFIT1","2"
"BCL10","2"
"ZNF430","1"
"TENM1","2"
"CKS2","1"
"IFIT2","2"
"MARF1","1"
"EPHB1","1"
"IFITM3","3"
"CCNE1","1"
"HCFC1R1","3"
"VPS29","3"
"NOL12","3"
"LINC00205","1"
"AL139042.1","1"
"NTHL1","3"
"IREB2","1"
"DENND6B","3"
"CAMTA2","2"
"SLC39A4","3"
"SCML2","1"
"MRPL46","3"
"CRY2","2"
"AC015871.7","1"
"AP001267.1","2"
"NUP62","1"
"CKAP5","1"
"TRAF1","1"
"ACAA2","3"
"CBX3","3"
"ANKRD54","1"
"SNTB2","2"
"SAC3D1","3"
"FANCB","2"
"RNF130","3"
"EBF3","1"
"FARP1","2"
"CPQ","2"
"CARMIL1","1"
"TMEM91","3"
"PRC1","1"
"LINC00863","1"
"TMEM258","3"
"EZR","3"
"WDR62","1"
"ZNF7","2"
"IGLC2","3"
"TERC","1"
"AC093635.1","1"
"PEPD","3"
"NRIP1","2"
"APOBEC3H","3"
"NFE2","3"
"MTBP","1"
"SPNS3","1"
"PCLAF","1"
"ULK2","2"
"PTGES3","3"
"C11orf1","3"
"LCA5","1"
"MON2","1"
"LYL1","3"
"STIM1","2"
"SSBP4","3"
"SLC66A1","1"
"FOXJ2","2"
"PIEZO1","1"
"ARNTL2","3"
"AL008638.6","2"
"KDELR3","1"
"CD7","1"
"GLIS3","1"
"ASRGL1","3"
"ZZEF1","1"
"GAS7","1"
"ACOT9","2"
"C15orf61","3"
"HSP90B1","2"
"PRKACA","3"
"DGKE","1"
"CCDC57","3"
"PPP1CB","2"
"AC021321.1","1"
"AC004477.1","1"
"AC023157.3","2"
"DIP2B","1"
"SCAT1","2"
"SLC25A35","1"
"DOCK8","1"
"PPP1R9A","1"
"PHC3","1"
"TM6SF1","3"
"CAVIN3","3"
"AP003486.1","2"
"NDUFA6","3"
"HECA","1"
"CALML4","3"
"SPESP1","2"
"AL355297.4","1"
"SNHG19","3"
"ZNFX1","1"
"SHOC2","1"
"ATMIN","2"
"COX6B1","3"
"AC006333.2","3"
"UTY","1"
"ZNF276","1"
"LRRC4","2"
"GCLC","1"
"GRK2","1"
"NRP1","3"
"TLR2","2"
"HBG1","1"
"FUS","1"
"SNCAIP","1"
"HIPK3","2"
"CSF1R","3"
"GPA33","3"
"FBXO3","1"
"TRAP1","3"
"AL031772.1","2"
"AMZ2","1"
"FGD6","1"
"MED7","3"
"AL353194.1","1"
"PPP6R1","1"
"ALKBH3","3"
"PPL","1"
"AC123912.4","1"
"AL391121.1","1"
"ARHGEF10L","2"
"MARS2","1"
"VCL","2"
"KIAA0513","2"
"AC024451.4","2"
"SERGEF","3"
"ZNF335","1"
"BST2","3"
"FSCN1","1"
"MEF2A","1"
"CYP51A1","2"
"NCAPD2","2"
"ARHGEF12","2"
"AZU1","1"
"TMEM44","1"
"PRKY","2"
"HCAR2","2"
"USP10","1"
"GTF3C4","1"
"CDV3","3"
"USP54","1"
"PLAA","2"
"UBR3","1"
"EPHA1-AS1","1"
"AC008735.2","2"
"CACNB3","1"
"RELL1","2"
"SCD","2"
"AC090204.1","3"
"TXNDC17","3"
"SUSD6","2"
"ACTN1","1"
"INSYN2B","2"
"FANCG","1"
"TOMM7","3"
"H1FX","1"
"DANCR","3"
"PTPN7","1"
"ZNF367","1"
"DDIT4","3"
"NUMA1","1"
"AC104984.5","1"
"CENPW","3"
"LRFN4","1"
"MYOM1","3"
"AC008124.1","1"
"ZBTB10","1"
"RBM39","1"
"DNAJC2","1"
"FAM193B","1"
"RIPOR2","2"
"ZNF426","1"
"MSTO1","1"
"CRACR2A","1"
"TACC1","1"
"AC106820.4","1"
"OSBPL11","2"
"SMCO4","3"
"AL590822.2","2"
"TYMP","3"
"TCF4","1"
"SELENBP1","1"
"AL358472.4","1"
"IQGAP1","1"
"RPS16","3"
"NOD2","2"
"COX7B","3"
"ANAPC16","3"
"DTX3L","2"
"MDN1","1"
"AC005343.1","2"
"PFN1","3"
"PHACTR3","1"
"LINC00539","1"
"CLEC5A","2"
"TRUB2","3"
"MYO9B","1"
"DOC2A","1"
"PNISR","1"
"EIF4A3","1"
"ZDHHC7","3"
"DENND1A","2"
"TUT7","1"
"RBMX","1"
"TAB2","2"
"TRIM28","1"
"BAIAP2-DT","2"
"SHFL","1"
"SNRPB","3"
"EXOSC4","3"
"GARS-DT","1"
"SNRPD3","3"
"AL135925.1","1"
"PPFIBP1","1"
"LPP","2"
"DOT1L","1"
"RUFY2","1"
"SLC35B2","2"
"MGAM","1"
"EVI2A","3"
"ZNF703","3"
"CPNE7","1"
"FOSB","1"
"VLDLR","1"
"ANKRD13A","2"
"STXBP4","1"
"AC092171.4","1"
"RPS28","3"
"ADAT2","1"
"SLITRK5","1"
"EFR3A","2"
"CD1E","3"
"ETNK1","1"
"AC103858.3","1"
"DPY19L4","1"
"CYCS","1"
"USP15","1"
"ASAH1","2"
"AL133410.1","1"
"ENSA","1"
"MUC19","1"
"GOLGA3","1"
"FANCI","1"
"ADM5","1"
"TUBGCP6","1"
"CYLD","1"
"CDKN2A","1"
"WNK1","2"
"ZNF248","1"
"FOPNL","3"
"BPTF","1"
"STIP1","3"
"DDX39A","1"
"MIEN1","3"
"PRSS21","3"
"TMX4","1"
"TOR2A","3"
"TMSB4Y","2"
"ZNF266","1"
"GPR84","2"
"AC092140.1","2"
"MPZ","1"
"MFGE8","1"
"TRIM73","1"
"SOD1","3"
"POMZP3","1"
"UBE2L3","3"
"PIWIL4","1"
"POLD2","1"
"DGCR8","1"
"HOXA3","1"
"MSC","3"
"CSF2","3"
"PLEKHA5","1"
"SULF2","3"
"ISG15","2"
"ILF3-DT","1"
"RFXANK","3"
"PSMB3","3"
"ZNF598","1"
"PSAP","3"
"NAGA","3"
"METRNL","3"
"C9orf43","1"
"MT-CO2","1"
"HEXB","3"
"OSBPL3","1"
"ELMO1","1"
"AL391840.1","1"
"NAIP","1"
"TRIM14","2"
"ZDHHC4","3"
"NKG7","3"
"AL162458.1","1"
"RPS3A","3"
"ATP6V0A2","1"
"AC123512.1","2"
"RASGRP4","2"
"ATP5MG","3"
"MAN2A2","1"
"AC027307.3","1"
"AC100793.2","1"
"RPGR","1"
"TENT5A","1"
"SWAP70","3"
"AAK1","1"
"DNAJA4","1"
"ZNF736","1"
"NDST2","2"
"GATAD2A","1"
"DDX43","3"
"FUT11","1"
"SAP18","3"
"AC008894.2","1"
"UBA5","3"
"SREBF2","2"
"SLC31A2","1"
"NSMAF","1"
"DGAT1","1"
"ZNF738","1"
"EXD3","1"
"TFB1M","1"
"LINC01475","1"
"PRIMPOL","1"
"AL357093.2","1"
"TRAF4","1"
"CABP4","1"
"LILRA6","3"
"KCNQ5-IT1","1"
"AC010542.2","2"
"SLC9A9","2"
"IARS","1"
"NFKBIA","3"
"LGALS9","3"
"AC116366.1","1"
"RALGPS2","1"
"FAM174B","1"
"TMEM170B","2"
"AL031848.2","1"
"C12orf49","3"
"CDK17","1"
"WDR90","1"
"ZBTB46","1"
"TOMM5","3"
"SULT2B1","3"
"AC093525.6","1"
"OAS3","2"
"AC005332.6","2"
"MRPL51","3"
"HLTF","1"
"ATP5F1B","3"
"ECI2","3"
"SSR1","3"
"LRRC24","1"
"RPL38","3"
"C16orf74","3"
"MINK1","2"
"CD163","3"
"DOCK11","2"
"APTR","1"
"ZNF506","1"
"BAIAP2","1"
"AL139383.1","1"
"SATB1-AS1","1"
"TNIP2","3"
"MT-ND2","1"
"AC007342.5","2"
"B4GALT6","1"
"CCDC6","2"
"RAB27A","2"
"FAM110B","1"
"TRIAP1","3"
"ANKRD36B","1"
"CCT8","3"
"AC026471.4","1"
"CYP2R1","1"
"PALM","1"
"CEACAM4","3"
"PTX3","3"
"UHRF1","1"
"USP11","1"
"LRMDA","3"
"AC104532.2","2"
"NBN","1"
"CD164","1"
"LINC02476","2"
"IER3","3"
"RER1","3"
"PPP6C","3"
"DPM2","3"
"HOXB4","1"
"TNFSF13B","3"
"RPS6KA5","1"
"FGL2","3"
"P2RX4","2"
"FNIP2","2"
"RELA-DT","3"
"CPNE5","1"
"RGP1","1"
"PPP6R3","1"
"TAPBP","2"
"ZCCHC8","1"
"NFXL1","2"
"AZIN1-AS1","2"
"LRRC25","3"
"SMIM24","1"
"DNAJA2","1"
"MRVI1","1"
"AC022730.4","3"
"PREX1","1"
"FBRSL1","1"
"ENTPD7","2"
"UBA7","1"
"MLEC","1"
"RBBP6","1"
"ZDHHC16","3"
"RAB30-DT","1"
"SNRNP70","1"
"LINC02471","2"
"PABPN1","1"
"CNTD1","2"
"LINC02245","1"
"SETMAR","1"
"ZDHHC5","1"
"DPYSL2","3"
"ADORA2A","2"
"MRPL13","3"
"ATAD5","1"
"ADNP2","1"
"WAKMAR2","1"
"LPAR4","1"
"DHX32","1"
"CRYBG1","1"
"MYO15B","1"
"NPTX2","2"
"LSM5","3"
"IFNGR1","2"
"NUDT5","3"
"RAB11FIP4","1"
"FES","3"
"NIFK-AS1","1"
"SWI5","3"
"DGUOK-AS1","3"
"GINS4","1"
"PPIF","3"
"ZMAT5","3"
"AL590399.1","1"
"COX14","3"
"BUD31","3"
"ATRX","1"
"SIGMAR1","3"
"WSB2","3"
"GATA1","1"
"UXT","3"
"SCAI","1"
"SYTL3","3"
"THYN1","3"
"UQCR11","3"
"ANKRD13D","1"
"DPP3","3"
"RNF146","1"
"PLEC","1"
"AGPAT2","3"
"UBALD2","1"
"FBXL19","1"
"ANO8","1"
"HOXB7","3"
"NET1","1"
"PPP2R5E","2"
"LINC00861","3"
"NEBL","1"
"SLC25A39","3"
"HSPA14","1"
"PI15","1"
"HDDC3","3"
"COQ10B","2"
"ADM","1"
"MUC12","3"
"CDK13","1"
"DLL1","1"
"AC093677.2","1"
"PNKP","1"
"PSMG3-AS1","3"
"CDKN1B","1"
"SDF2L1","3"
"SHARPIN","3"
"EEF1AKMT2","1"
"DIAPH1","2"
"GOLM1","3"
"AP005137.2","1"
"MCOLN1","1"
"GABARAPL2","3"
"MAP7","1"
"SLC2A8","2"
"ABL1","1"
"LAMTOR2","3"
"AC124283.1","1"
"AC092428.1","1"
"MRPL39","3"
"PXN","1"
"AVPI1","3"
"UCHL3","3"
"VRK3","1"
"USP27X","1"
"KLHL21","3"
"MT-ATP8","1"
"EXT1","2"
"DAG1","2"
"GLUL","1"
"RNASE6","3"
"FAHD1","3"
"MED23","1"
"NXT1","3"
"NGRN","1"
"ETFB","3"
"AL133330.1","2"
"NUDCD3","1"
"SOX5","2"
"ZNF512B","1"
"RAB2B","1"
"CIAO3","1"
"SAMSN1","1"
"MRPL42","3"
"DERL3","1"
"C1RL-AS1","1"
"PRNP","3"
"TSC22D2","1"
"USP9X","1"
"GBP2","3"
"AL499604.1","1"
"ST13","3"
"PAF1","1"
"TIMM8B","3"
"CEP295NL","1"
"RPL5","3"
"KIF18A","1"
"TBC1D24","1"
"AC022217.3","2"
"DIO2","1"
"RPL31","3"
"KIAA0895","1"
"TPM2","1"
"TAF10","3"
"GPR107","2"
"HNRNPD","1"
"OSGIN1","2"
"TP73","1"
"AL121672.1","1"
"IRF8","2"
"SAT2","3"
"PERP","1"
"LSM3","3"
"SAR1A","2"
"NUTM2B-AS1","1"
"SLC7A5","3"
"NBDY","3"
"KATNB1","1"
"VCX","2"
"RICTOR","1"
"LCN2","1"
"NUP37","3"
"YBX1","3"
"NEDD9","1"
"CXorf21","1"
"CYP3A5","2"
"AC023509.3","1"
"EHBP1L1","1"
"HIST1H2BD","1"
"KCNK6","2"
"GAS5","3"
"MPND","3"
"AP4M1","1"
"MALAT1","1"
"ACIN1","1"
"TSPYL2","1"
"MED29","1"
"AL109615.3","1"
"AL355075.3","2"
"MPPE1","2"
"LRMP","1"
"USP9Y","1"
"OLR1","1"
"MTERF1","1"
"CD44-AS1","2"
"AC025171.2","1"
"C3AR1","3"
"ITGA5","1"
"GLTP","3"
"MKRN1","2"
"HILPDA","1"
"SNHG1","1"
"AC007728.3","2"
"ATP6AP2","3"
"AC007952.4","1"
"BMERB1","3"
"FBXO8","1"
"PDE6G","3"
"FOXB1","1"
"AC114341.2","1"
"PRELID1","3"
"NOM1","1"
"RAB11FIP1","1"
"RHOQ","2"
"C10orf25","2"
"ATP6V0D1","3"
"TBC1D7","1"
"LMAN1","3"
"CCL4L2","3"
"HIST1H2AE","1"
"ETS1","1"
"CWC15","3"
"AKT1","1"
"SERTAD1","3"
"AC025300.1","2"
"AL136169.1","2"
"MRFAP1","3"
"CNTNAP3","1"
"TDG","3"
"AC006946.2","2"
"OXLD1","3"
"TMEM203","3"
"PES1","3"
"YBX3","1"
"PCGF5","3"
"LY86","3"
"U2SURP","2"
"HYLS1","1"
"BRD2","1"
"CMC2","3"
"MS4A6A","3"
"AC087284.1","1"
"TAGLN","2"
"SMIM30","3"
"MC1R","1"
"LINC01063","3"
"LINC01579","2"
"ELOB","3"
"PMS2","1"
"EIF1AX","3"
"CA2","1"
"TRIOBP","2"
"HDAC6","1"
"CD109","3"
"AURKB","1"
"APBB3","1"
"DYM","1"
"ZDHHC8","1"
"MPHOSPH6","3"
"KCNJ2","1"
"MT-ND1","1"
"LINC00628","2"
"MRPL34","3"
"CD300E","3"
"TRIM71","1"
"RNF24","1"
"MARCH3","1"
"POLR2H","3"
"AL731577.1","2"
"RBBP7","1"
"PTPRJ","2"
"RNF141","3"
"PIK3R6","1"
"LZTR1","1"
"RXRA","2"
"CHCHD3","3"
"SCGB3A2","3"
"ACOT11","1"
"HSPB11","3"
"CELF1","1"
"CCDC84","1"
"AL135791.1","1"
"SYNJ2","3"
"AL683813.1","1"
"TNFSF14","2"
"STX1A","2"
"FMC1","3"
"NQO2","2"
"ANKLE2","1"
"POP5","3"
"CCDC180","1"
"CNOT3","1"
"FNTA","3"
"POLR2I","3"
"SIRT1","1"
"EIF3D","3"
"SPNS1","2"
"PHACTR1","2"
"C2orf92","1"
"AL353135.1","1"
"UROD","3"
"VSIR","3"
"NEU1","1"
"HBM","1"
"TOR1B","2"
"FKBP1A","3"
"AVPR1A","1"
"GPD2","2"
"C1QTNF3","1"
"CA5B","1"
"NCK1-DT","1"
"FZD3","1"
"ZNF620","1"
"NONO","2"
"ARFGEF2","2"
"SORBS3","3"
"CNTNAP3B","1"
"MCU","2"
"KIF20B","1"
"AC004542.2","2"
"SC5D","2"
"AIP","3"
"RFLNB","2"
"PKMYT1","1"
"ING2","3"
"TC2N","1"
"TMPRSS13","1"
"RASAL3","1"
"TGFBR2","2"
"PGGHG","1"
"VPS37B","1"
"RNF181","3"
"SEPTIN5","1"
"AC104248.1","1"
"ECH1","3"
"AC090152.1","1"
"IQGAP2","3"
"HIST1H2AK","1"
"RCBTB1","2"
"KLLN","1"
"SYK","2"
"FCGRT","3"
"RBM14","1"
"ZNF252P-AS1","1"
"GIHCG","1"
"ENTPD4","1"
"TMEM216","3"
"PDXK","3"
"AMFR","1"
"RPS15","3"
"COCH","2"
"PHACTR2","2"
"CC2D2B","2"
"CAND1","1"
"RBFA","1"
"FAM8A1","2"
"TSFM","3"
"NDUFA3","3"
"OGT","1"
"LAP3","3"
"AC011939.2","1"
"ASGR2","3"
"APOE","1"
"SEPTIN1","3"
"MT1X","3"
"ZNF667","1"
"SSBP3","3"
"HIBADH","3"
"TRGC1","1"
"ARAP1-AS2","2"
"ADPGK-AS1","1"
"TRIM8","1"
"HLA-DRB5","2"
"SETDB2","1"
"CLDN10","1"
"RSBN1L","1"
"NUP42","1"
"DLC1","1"
"C1orf50","3"
"PIK3R4","1"
"TBC1D12","2"
"AP2S1","3"
"TMEM268","2"
"TBRG4","1"
"GAS6-AS1","1"
"PRDX6","3"
"KRBA2","1"
"CPXM1","1"
"ANKRD18A","2"
"IFRD1","1"
"TNIP1","3"
"AC012485.3","1"
"ARHGAP33","1"
"EIF1AY","2"
"ROCK1","1"
"SRM","3"
"TBC1D16","1"
"COPRS","3"
"EGR3","1"
"HMGN4","3"
"CHID1","3"
"PEX10","3"
"KDM5D","1"
"TRADD","3"
"AC012414.3","2"
"TRAPPC3","3"
"COPS2","3"
"RBL1","1"
"AC079174.2","2"
"COX6C","3"
"C6orf226","3"
"SPAG7","3"
"HSPA5","2"
"ARHGEF40","1"
"SOX12","1"
"CLNK","2"
"TAF12","3"
"TMEM141","3"
"CDT1","1"
"ZNF711","1"
"WASHC1","1"
"HBD","1"
"ORM2","1"
"TCF20","2"
"ORAI3","3"
"CPLANE1","1"
"CSNK1G3","2"
"APMAP","1"
"ASPSCR1","1"
"FLYWCH1","1"
"AKAP1","1"
"TESPA1","1"
"WDR55","1"
"CNTLN","2"
"AC004847.1","2"
"PIK3R5","2"
"TTPAL","1"
"ANKMY2","1"
"IL2RG","1"
"RRP36","3"
"ARMH1","1"
"VNN3","1"
"ALKBH6","1"
"RANBP2","1"
"AP003696.1","2"
"GOLGA8A","1"
"AC103833.2","1"
"FAM157C","1"
"LINC02035","2"
"AC069549.1","2"
"B3GNT10","1"
"TLDC2","2"
"RALGAPA2","1"
"PRPSAP1","3"
"LNCAROD","1"
"NBR2","1"
"MAF","2"
"IL17RA","2"
"TXNL4A","3"
"TTLL4","2"
"SCAND1","3"
"CLC","1"
"RGL4","1"
"PKD2","1"
"FOXO1","2"
"HLA-F-AS1","2"
"MYOF","2"
"ID1","3"
"AC048341.1","1"
"DHRS4L2","3"
"TMEM245","1"
"MRPL14","3"
"PLSCR1","3"
"IKBIP","3"
"LINC02723","3"
"TRIM52","1"
"TMUB2","1"
"PHKB","2"
"DDA1","3"
"C1orf54","2"
"RIPK2","3"
"DNAJC3","2"
"PRKCA","2"
"AL590440.2","2"
"GDF11","1"
"MAP7D2","3"
"AC131568.1","2"
"PSMD8","3"
"BORCS5","1"
"SLC9A3R2","3"
"GINS2","1"
"ANO6","2"
"AC007731.2","3"
"SERINC1","2"
"FOXC1","1"
"AP000763.4","2"
"IER5L","1"
"ZNF337","1"
"LEPROTL1","2"
"AL137077.2","1"
"TBKBP1","1"
"SP1","2"
"ETHE1","3"
"MRPL4","3"
"LINC00266-1","1"
"RPH3A","3"
"NLRC5","1"
"CNTRL","1"
"CCDC151","3"
"LYRM9","1"
"AC125437.3","2"
"CDCA7L","1"
"RASSF2","2"
"RPARP-AS1","2"
"CORO2A","2"
"MACROD1","3"
"SYNE3","1"
"SPN","1"
"PCNA","1"
"NUMB","1"
"BICD1","1"
"B3GAT2","2"
"TMEM88","2"
"PIDD1","1"
"FAM217B","1"
"NDUFAF6","1"
"B3GALT6","3"
"AP001189.1","3"
"RNPS1","1"
"NMD3","1"
"MRC1","3"
"BX842570.1","1"
"STARD3NL","3"
"RAB33B","2"
"MAN2B1","2"
"LRP6","1"
"AC009690.2","2"
"RECQL5","1"
"PPRC1","1"
"AXIN1","1"
"NIBAN2","3"
"TCF25","1"
"HPS4","1"
"ZFP91","1"
"MDH1","3"
"ALG12","1"
"ASAP1-IT2","1"
"PER1","1"
"N4BP1","2"
"AC107068.1","2"
"ENO4","2"
"CSNK1D","1"
"PARP16","1"
"FTL","3"
"STAG2","1"
"POLR2J3","1"
"AL022724.3","2"
"SMIM27","3"
"VEZF1","2"
"SERPINH1","1"
"TNFRSF14","1"
"AC008014.1","1"
"MAML2","2"
"MCOLN2","1"
"RBSN","1"
"GP1BB","3"
"HOXA10","1"
"ACAP2","2"
"CCDC107","3"
"LINC02325","1"
"ZNF808","1"
"RPS3","3"
"FAM171B","2"
"DNAJC9","1"
"OTUD1","3"
"AC133919.2","1"
"TCEA2","3"
"NKX3-1","3"
"KEAP1","3"
"ZNF521","1"
"MARCH8","1"
"AL355581.1","1"
"FBXO38","1"
"FOXP1-IT1","1"
"HPRT1","3"
"RIC8A","1"
"COX4I1","3"
"SET","3"
"ADAM15","3"
"DNAJC27-AS1","1"
"IKZF5","2"
"TNNI2","3"
"FOLR2","3"
"CDADC1","1"
"STXBP5-AS1","2"
"NOL8","1"
"EHMT2","1"
"UNC93B1","2"
"SMARCD2","1"
"TXNIP","2"
"NIPAL3","1"
"NHS","2"
"AL121899.1","3"
"MZT1","3"
"ARL5B","1"
"LY75","2"
"MCMBP","3"
"BNIP2","2"
"RCBTB2","3"
"NCAM1","2"
"TRGV9","1"
"TMEM107","1"
"GPR27","3"
"ARL17B","1"
"METAP2","3"
"UCP2","3"
"TMEM51","3"
"RHCE","1"
"CKAP4","2"
"CCDC171","1"
"AC004974.1","2"
"F5","2"
"LGR4","2"
"NUP188","1"
"RPS23","3"
"ABHD2","2"
"BANP","1"
"CD38","1"
"PMAIP1","3"
"ZSCAN31","1"
"TOX4","1"
"ALPK1","1"
"PKM","3"
"NPC1","2"
"CDK9","1"
"AC026401.3","2"
"KMT2E-AS1","1"
"AC092301.1","2"
"NFATC1","1"
"GSK3B","2"
"BPI","3"
"AKIRIN2","2"
"USP16","1"
"ASTE1","1"
"RASA3","1"
"VPS28","3"
"TPGS2","3"
"CT69","2"
"DNAJB9","1"
"DEK","3"
"PDIA6","3"
"HNRNPA1P48","3"
"KCNE1","1"
"PRKAG2","1"
"TBCCD1","1"
"ZNF254","1"
"BTG2","1"
"CPA3","1"
"ECI1","3"
"ORC6","1"
"IRX3","1"
"POLR1D","3"
"COMMD1","3"
"CALM2","3"
"MIB2","1"
"DOCK10","1"
"SPPL3","1"
"UBE2D3","2"
"RESF1","1"
"KCNE3","3"
"GLRX5","3"
"CBY1","1"
"PIK3CG","1"
"GMDS","1"
"NRG1","3"
"DNAJC1","3"
"AC025181.2","1"
"HERC3","1"
"CASC8","3"
"TACO1","3"
"FBXO21","2"
"C12orf57","1"
"AC012146.1","3"
"ZNF544","1"
"NR2C1","1"
"MRC2","1"
"Z93241.1","1"
"TTTY10","2"
"DEPDC1B","1"
"EIF4G3","1"
"AC007494.2","1"
"AP4B1","1"
"DCP2","2"
"RASSF1-AS1","1"
"STBD1","1"
"LBHD1","1"
"PDIA4","3"
"HNRNPF","3"
"SMIM4","3"
"NUTF2","3"
"UBE2V2","3"
"ABHD13","2"
"AC004921.2","1"
"SSNA1","3"
"AC108134.3","1"
"UTF1","3"
"PIAS2","1"
"TTLL6","1"
"CAMKK2","2"
"CDK2AP2","3"
"VPREB1","1"
"EIF3L","3"
"RAVER1","1"
"PLCL2","2"
"CCNA1","1"
"FAM110A","3"
"SMO","1"
"ELAC1","1"
"ZFP82","1"
"CLEC2B","3"
"AC110285.5","1"
"NRGN","3"
"ITSN1","2"
"DUSP22","3"
"LAMTOR4","3"
"HAGHL","1"
"MRPS6","3"
"ZNF672","1"
"CALM1","3"
"FKBP15","2"
"BACH1-AS1","2"
"NDUFB2","3"
"ZNF302","1"
"ZNF532","1"
"AC017083.1","1"
"GPBP1","1"
"HOXB-AS1","1"
"PDE1B","2"
"MT-CYB","1"
"ZNF555","2"
"KIF23","2"
"ZNF443","1"
"WT1-AS","1"
"TMSB4X","3"
"CAPZA1","2"
"RPS5","3"
"CRTC3","3"
"TREM1","2"
"ADGRB3","2"
"LINC00920","3"
"HOXB9","3"
"TNFSF9","1"
"LINC02376","3"
"COL18A1","1"
"SCUBE1","1"
"AKAP13","1"
"TBL1X","1"
"BAX","3"
"RMND1","2"
"GPSM1","1"
"MMP11","1"
"GOLGA6L4","1"
"MAK","2"
"IGFBP6","3"
"HCN2","2"
"VEGFB","3"
"WFIKKN1","1"
"GSAP","1"
"OCLN","1"
"SCRN1","2"
"CREG1","3"
"SPATA2","1"
"APOBR","1"
"AC015971.1","2"
"AP002762.3","2"
"EIF6","3"
"LINC01003","3"
"ATP5F1A","3"
"PNOC","2"
"MSH5","1"
"XAF1","2"
"AC006157.1","2"
"TCAF1","1"
"SGK1","3"
"PRRC2B","1"
"TMED2","3"
"TSTD2","1"
"CLU","3"
"SERPINF1","3"
"AC004938.2","1"
"TCP1","1"
"SLC25A42","1"
"MYH9","2"
"HIST1H4A","1"
"GRAMD4","1"
"C1orf162","3"
"CRNDE","1"
"RGS19","3"
"A1BG","3"
"RB1","2"
"SLC9A8","1"
"STX4","1"
"IFITM2","1"
"GADD45G","1"
"TRAM2","2"
"SLC44A2","1"
"NPM1","3"
"CCT3","3"
"ATP5MC2","3"
"MMRN1","3"
"AC147651.4","3"
"NME3","3"
"P4HA1","3"
"TRIM33","1"
"RIDA","3"
"TM2D3","1"
"LINC01547","1"
"USP31","2"
"PPP1R15A","1"
"UBR4","1"
"TPCN1","2"
"ZDHHC11","1"
"SCHIP1","1"
"CD93","2"
"TALDO1","3"
"PCOLCE","1"
"SDR39U1","1"
"CHROMR","1"
"FEM1B","2"
"EMP1","3"
"ZER1","1"
"NBPF10","1"
"CSKMT","1"
"SNAI1","3"
"GRK6","2"
"TIMM9","3"
"KAT6A","1"
"WASHC2A","2"
"RUNX2","1"
"AL031846.2","1"
"OSBPL1A","2"
"TSC22D4","1"
"RNF168","1"
"OLIG2","2"
"CYTH1","2"
"CDCA5","1"
"NENF","3"
"CHN2","3"
"SMCHD1","1"
"RAB11A","3"
"AC073320.1","1"
"IPO7","2"
"RNF213","1"
"MS4A4E","1"
"GNG2","1"
"LSM7","3"
"PNPLA7","1"
"EFCAB13","1"
"TSPAN2","2"
"NFIA","1"
"PRICKLE1","2"
"ZNF382","1"
"H2AFV","3"
"NDUFB6","3"
"UBE2I","3"
"AC010359.3","2"
"PYCARD","3"
"USF3","1"
"TTC26","1"
"GGA1","2"
"KANSL1-AS1","3"
"AC105446.1","3"
"LPL","3"
"TXN2","3"
"PRDM16","1"
"GPR137C","1"
"ZNF585B","1"
"ATL2","1"
"ITGAL","2"
"CTNND1","1"
"ENGASE","1"
"BRD7","2"
"GYPB","1"
"PIP4P2","2"
"TARS2","1"
"TBCB","3"
"EXTL2","1"
"LINC02446","1"
"CASP4","3"
"NDUFB10","3"
"USP14","1"
"HELLPAR","1"
"PGM2L1","1"
"BNIP3L","3"
"PA2G4","3"
"SAP30BP","1"
"ZNF75A","1"
"ADA","1"
"MAFB","3"
"BOLA3","3"
"ZBED1","2"
"AC011479.4","2"
"RPL8","3"
"AHSP","1"
"MRPS22","3"
"ZNF419","1"
"AC006946.3","2"
"MICU1","2"
"NPTN","3"
"ZNF66","1"
"LINC00513","2"
"PLCG1-AS1","2"
"ZFP69B","1"
"USP25","1"
"STAM-AS1","1"
"LINC00924","1"
"GNL3","1"
"TMEM147-AS1","1"
"ATRNL1","1"
"CIC","1"
"PPM1F","2"
"POLQ","1"
"QSOX1","2"
"SNHG25","1"
"EPCAM","1"
"DANT2","1"
"FSBP","1"
"PRKAR2B","3"
"DACT1","1"
"TJP2","2"
"KRT18","1"
"MAST3","2"
"JMJD1C","1"
"AC132872.5","1"
"KLF3-AS1","1"
"LRRFIP1","1"
"AC095055.1","2"
"MRPS26","3"
"DNAJC25","2"
"AC016773.1","1"
"COL15A1","2"
"VAMP7","3"
"C1orf122","3"
"CST7","1"
"SCMH1","1"
"WBP1L","3"
"CBR4","1"
"NADSYN1","1"
"MPI","1"
"CST3","3"
"TRMT1","3"
"UQCC2","3"
"FOXO3","2"
"CALR","2"
"APOA1","1"
"HNRNPH3","2"
"SREK1IP1","3"
"EXOC4","1"
"NRG4","1"
"SLFN5","2"
"PPP3CB-AS1","1"
"MRPL16","3"
"AC008764.7","1"
"SLC2A3","1"
"USP47","1"
"SLC6A6","2"
"IL1RAP","1"
"KLF6","1"
"DUS3L","1"
"CHSY1","1"
"LRATD1","1"
"UFSP2","2"
"KTI12","1"
"CLECL1","3"
"CRISPLD1","1"
"NBR1","2"
"CARD9","1"
"RNH1","3"
"AGPAT4","1"
"NIPSNAP3A","3"
"STAR","1"
"KMT2C","1"
"FGD2","2"
"BTNL3","1"
"RPL35A","3"
"ARFGAP3","2"
"ACP2","3"
"ZBTB7B","2"
